anio,mes,localidad,cantidad,fecha
2018,1,ANTONIO NARIÑO,266,2018-01
2018,1,BARRIOS UNIDOS,542,2018-01
2018,1,BOSA,999,2018-01
2018,1,CANDELARIA,179,2018-01
2018,1,CHAPINERO,975,2018-01
2018,1,CIUDAD BOLÍVAR,979,2018-01
2018,1,ENGATIVÁ,1521,2018-01
2018,1,FONTIBÓN,815,2018-01
2018,1,KENNEDY,1803,2018-01
2018,1,LOS MÁRTIRES,509,2018-01
2018,1,PUENTE ARANDA,677,2018-01
2018,1,RAFAEL URIBE URIBE,619,2018-01
2018,1,SAN CRISTÓBAL,692,2018-01
2018,1,SANTA FE,693,2018-01
2018,1,SUBA,1621,2018-01
2018,1,TEUSAQUILLO,712,2018-01
2018,1,TUNJUELITO,385,2018-01
2018,1,USAQUÉN,1171,2018-01
2018,1,USME,498,2018-01
2018,2,ANTONIO NARIÑO,298,2018-02
2018,2,BARRIOS UNIDOS,559,2018-02
2018,2,BOSA,1050,2018-02
2018,2,CANDELARIA,167,2018-02
2018,2,CHAPINERO,1110,2018-02
2018,2,CIUDAD BOLÍVAR,916,2018-02
2018,2,ENGATIVÁ,1632,2018-02
2018,2,FONTIBÓN,832,2018-02
2018,2,KENNEDY,1943,2018-02
2018,2,LOS MÁRTIRES,560,2018-02
2018,2,PUENTE ARANDA,736,2018-02
2018,2,RAFAEL URIBE URIBE,655,2018-02
2018,2,SAN CRISTÓBAL,665,2018-02
2018,2,SANTA FE,910,2018-02
2018,2,SUBA,1836,2018-02
2018,2,TEUSAQUILLO,815,2018-02
2018,2,TUNJUELITO,404,2018-02
2018,2,USAQUÉN,1198,2018-02
2018,2,USME,549,2018-02
2018,3,ANTONIO NARIÑO,326,2018-03
2018,3,BARRIOS UNIDOS,593,2018-03
2018,3,BOSA,1177,2018-03
2018,3,CANDELARIA,168,2018-03
2018,3,CHAPINERO,1002,2018-03
2018,3,CIUDAD BOLÍVAR,1077,2018-03
2018,3,ENGATIVÁ,1620,2018-03
2018,3,FONTIBÓN,917,2018-03
2018,3,KENNEDY,2059,2018-03
2018,3,LOS MÁRTIRES,605,2018-03
2018,3,PUENTE ARANDA,749,2018-03
2018,3,RAFAEL URIBE URIBE,663,2018-03
2018,3,SAN CRISTÓBAL,670,2018-03
2018,3,SANTA FE,816,2018-03
2018,3,SUBA,2046,2018-03
2018,3,TEUSAQUILLO,854,2018-03
2018,3,TUNJUELITO,377,2018-03
2018,3,USAQUÉN,1413,2018-03
2018,3,USME,639,2018-03
2018,4,ANTONIO NARIÑO,315,2018-04
2018,4,BARRIOS UNIDOS,601,2018-04
2018,4,BOSA,1326,2018-04
2018,4,CANDELARIA,206,2018-04
2018,4,CHAPINERO,1269,2018-04
2018,4,CIUDAD BOLÍVAR,1103,2018-04
2018,4,ENGATIVÁ,1623,2018-04
2018,4,FONTIBÓN,863,2018-04
2018,4,KENNEDY,2024,2018-04
2018,4,LOS MÁRTIRES,591,2018-04
2018,4,PUENTE ARANDA,866,2018-04
2018,4,RAFAEL URIBE URIBE,738,2018-04
2018,4,SAN CRISTÓBAL,789,2018-04
2018,4,SANTA FE,974,2018-04
2018,4,SUBA,1938,2018-04
2018,4,TEUSAQUILLO,989,2018-04
2018,4,TUNJUELITO,462,2018-04
2018,4,USAQUÉN,1226,2018-04
2018,4,USME,669,2018-04
2018,5,ANTONIO NARIÑO,328,2018-05
2018,5,BARRIOS UNIDOS,643,2018-05
2018,5,BOSA,1266,2018-05
2018,5,CANDELARIA,202,2018-05
2018,5,CHAPINERO,1265,2018-05
2018,5,CIUDAD BOLÍVAR,1066,2018-05
2018,5,ENGATIVÁ,1650,2018-05
2018,5,FONTIBÓN,923,2018-05
2018,5,KENNEDY,2291,2018-05
2018,5,LOS MÁRTIRES,584,2018-05
2018,5,PUENTE ARANDA,812,2018-05
2018,5,RAFAEL URIBE URIBE,691,2018-05
2018,5,SAN CRISTÓBAL,705,2018-05
2018,5,SANTA FE,1007,2018-05
2018,5,SUBA,1877,2018-05
2018,5,TEUSAQUILLO,950,2018-05
2018,5,TUNJUELITO,428,2018-05
2018,5,USAQUÉN,1150,2018-05
2018,5,USME,679,2018-05
2018,6,ANTONIO NARIÑO,310,2018-06
2018,6,BARRIOS UNIDOS,568,2018-06
2018,6,BOSA,1265,2018-06
2018,6,CANDELARIA,148,2018-06
2018,6,CHAPINERO,1074,2018-06
2018,6,CIUDAD BOLÍVAR,996,2018-06
2018,6,ENGATIVÁ,1626,2018-06
2018,6,FONTIBÓN,900,2018-06
2018,6,KENNEDY,2071,2018-06
2018,6,LOS MÁRTIRES,607,2018-06
2018,6,PUENTE ARANDA,751,2018-06
2018,6,RAFAEL URIBE URIBE,698,2018-06
2018,6,SAN CRISTÓBAL,635,2018-06
2018,6,SANTA FE,848,2018-06
2018,6,SUBA,1760,2018-06
2018,6,TEUSAQUILLO,812,2018-06
2018,6,TUNJUELITO,424,2018-06
2018,6,USAQUÉN,1142,2018-06
2018,6,USME,560,2018-06
2018,7,ANTONIO NARIÑO,305,2018-07
2018,7,BARRIOS UNIDOS,591,2018-07
2018,7,BOSA,1259,2018-07
2018,7,CANDELARIA,197,2018-07
2018,7,CHAPINERO,1074,2018-07
2018,7,CIUDAD BOLÍVAR,972,2018-07
2018,7,ENGATIVÁ,1538,2018-07
2018,7,FONTIBÓN,944,2018-07
2018,7,KENNEDY,2098,2018-07
2018,7,LOS MÁRTIRES,583,2018-07
2018,7,PUENTE ARANDA,789,2018-07
2018,7,RAFAEL URIBE URIBE,637,2018-07
2018,7,SAN CRISTÓBAL,628,2018-07
2018,7,SANTA FE,772,2018-07
2018,7,SUBA,1854,2018-07
2018,7,TEUSAQUILLO,739,2018-07
2018,7,TUNJUELITO,430,2018-07
2018,7,USAQUÉN,1256,2018-07
2018,7,USME,538,2018-07
2018,8,ANTONIO NARIÑO,380,2018-08
2018,8,BARRIOS UNIDOS,673,2018-08
2018,8,BOSA,1272,2018-08
2018,8,CANDELARIA,216,2018-08
2018,8,CHAPINERO,1253,2018-08
2018,8,CIUDAD BOLÍVAR,1118,2018-08
2018,8,ENGATIVÁ,1739,2018-08
2018,8,FONTIBÓN,980,2018-08
2018,8,KENNEDY,2187,2018-08
2018,8,LOS MÁRTIRES,603,2018-08
2018,8,PUENTE ARANDA,896,2018-08
2018,8,RAFAEL URIBE URIBE,646,2018-08
2018,8,SAN CRISTÓBAL,688,2018-08
2018,8,SANTA FE,999,2018-08
2018,8,SUBA,1957,2018-08
2018,8,TEUSAQUILLO,882,2018-08
2018,8,TUNJUELITO,413,2018-08
2018,8,USAQUÉN,1237,2018-08
2018,8,USME,581,2018-08
2018,9,ANTONIO NARIÑO,349,2018-09
2018,9,BARRIOS UNIDOS,667,2018-09
2018,9,BOSA,1235,2018-09
2018,9,CANDELARIA,171,2018-09
2018,9,CHAPINERO,1205,2018-09
2018,9,CIUDAD BOLÍVAR,1076,2018-09
2018,9,ENGATIVÁ,1807,2018-09
2018,9,FONTIBÓN,948,2018-09
2018,9,KENNEDY,2152,2018-09
2018,9,LOS MÁRTIRES,635,2018-09
2018,9,PUENTE ARANDA,818,2018-09
2018,9,RAFAEL URIBE URIBE,670,2018-09
2018,9,SAN CRISTÓBAL,657,2018-09
2018,9,SANTA FE,865,2018-09
2018,9,SUBA,1884,2018-09
2018,9,TEUSAQUILLO,773,2018-09
2018,9,TUNJUELITO,453,2018-09
2018,9,USAQUÉN,1204,2018-09
2018,9,USME,476,2018-09
2018,10,ANTONIO NARIÑO,337,2018-10
2018,10,BARRIOS UNIDOS,655,2018-10
2018,10,BOSA,1196,2018-10
2018,10,CANDELARIA,230,2018-10
2018,10,CHAPINERO,1259,2018-10
2018,10,CIUDAD BOLÍVAR,997,2018-10
2018,10,ENGATIVÁ,1685,2018-10
2018,10,FONTIBÓN,1044,2018-10
2018,10,KENNEDY,2185,2018-10
2018,10,LOS MÁRTIRES,613,2018-10
2018,10,PUENTE ARANDA,902,2018-10
2018,10,RAFAEL URIBE URIBE,702,2018-10
2018,10,SAN CRISTÓBAL,671,2018-10
2018,10,SANTA FE,924,2018-10
2018,10,SUBA,1834,2018-10
2018,10,TEUSAQUILLO,933,2018-10
2018,10,TUNJUELITO,447,2018-10
2018,10,USAQUÉN,1189,2018-10
2018,10,USME,547,2018-10
2018,11,ANTONIO NARIÑO,332,2018-11
2018,11,BARRIOS UNIDOS,604,2018-11
2018,11,BOSA,1145,2018-11
2018,11,CANDELARIA,193,2018-11
2018,11,CHAPINERO,1345,2018-11
2018,11,CIUDAD BOLÍVAR,859,2018-11
2018,11,ENGATIVÁ,1499,2018-11
2018,11,FONTIBÓN,921,2018-11
2018,11,KENNEDY,1977,2018-11
2018,11,LOS MÁRTIRES,576,2018-11
2018,11,PUENTE ARANDA,849,2018-11
2018,11,RAFAEL URIBE URIBE,608,2018-11
2018,11,SAN CRISTÓBAL,553,2018-11
2018,11,SANTA FE,849,2018-11
2018,11,SUBA,1720,2018-11
2018,11,TEUSAQUILLO,873,2018-11
2018,11,TUNJUELITO,365,2018-11
2018,11,USAQUÉN,1228,2018-11
2018,11,USME,533,2018-11
2018,12,ANTONIO NARIÑO,328,2018-12
2018,12,BARRIOS UNIDOS,571,2018-12
2018,12,BOSA,1081,2018-12
2018,12,CANDELARIA,183,2018-12
2018,12,CHAPINERO,1164,2018-12
2018,12,CIUDAD BOLÍVAR,846,2018-12
2018,12,ENGATIVÁ,1466,2018-12
2018,12,FONTIBÓN,943,2018-12
2018,12,KENNEDY,1935,2018-12
2018,12,LOS MÁRTIRES,640,2018-12
2018,12,PUENTE ARANDA,787,2018-12
2018,12,RAFAEL URIBE URIBE,668,2018-12
2018,12,SAN CRISTÓBAL,585,2018-12
2018,12,SANTA FE,814,2018-12
2018,12,SUBA,1711,2018-12
2018,12,TEUSAQUILLO,777,2018-12
2018,12,TUNJUELITO,414,2018-12
2018,12,USAQUÉN,1092,2018-12
2018,12,USME,583,2018-12
2019,1,ANTONIO NARIÑO,299,2019-01
2019,1,BARRIOS UNIDOS,542,2019-01
2019,1,BOSA,1066,2019-01
2019,1,CANDELARIA,179,2019-01
2019,1,CHAPINERO,1092,2019-01
2019,1,CIUDAD BOLÍVAR,807,2019-01
2019,1,ENGATIVÁ,1552,2019-01
2019,1,FONTIBÓN,929,2019-01
2019,1,KENNEDY,1870,2019-01
2019,1,LOS MÁRTIRES,477,2019-01
2019,1,PUENTE ARANDA,746,2019-01
2019,1,RAFAEL URIBE URIBE,595,2019-01
2019,1,SAN CRISTÓBAL,631,2019-01
2019,1,SANTA FE,623,2019-01
2019,1,SUBA,1662,2019-01
2019,1,TEUSAQUILLO,750,2019-01
2019,1,TUNJUELITO,445,2019-01
2019,1,USAQUÉN,1146,2019-01
2019,1,USME,546,2019-01
2019,2,ANTONIO NARIÑO,335,2019-02
2019,2,BARRIOS UNIDOS,632,2019-02
2019,2,BOSA,1166,2019-02
2019,2,CANDELARIA,183,2019-02
2019,2,CHAPINERO,1296,2019-02
2019,2,CIUDAD BOLÍVAR,845,2019-02
2019,2,ENGATIVÁ,1621,2019-02
2019,2,FONTIBÓN,985,2019-02
2019,2,KENNEDY,2133,2019-02
2019,2,LOS MÁRTIRES,610,2019-02
2019,2,PUENTE ARANDA,850,2019-02
2019,2,RAFAEL URIBE URIBE,688,2019-02
2019,2,SAN CRISTÓBAL,680,2019-02
2019,2,SANTA FE,829,2019-02
2019,2,SUBA,1850,2019-02
2019,2,TEUSAQUILLO,790,2019-02
2019,2,TUNJUELITO,448,2019-02
2019,2,USAQUÉN,1269,2019-02
2019,2,USME,620,2019-02
2019,3,ANTONIO NARIÑO,405,2019-03
2019,3,BARRIOS UNIDOS,694,2019-03
2019,3,BOSA,1388,2019-03
2019,3,CANDELARIA,270,2019-03
2019,3,CHAPINERO,1599,2019-03
2019,3,CIUDAD BOLÍVAR,1223,2019-03
2019,3,ENGATIVÁ,1901,2019-03
2019,3,FONTIBÓN,1063,2019-03
2019,3,KENNEDY,2447,2019-03
2019,3,LOS MÁRTIRES,639,2019-03
2019,3,PUENTE ARANDA,982,2019-03
2019,3,RAFAEL URIBE URIBE,838,2019-03
2019,3,SAN CRISTÓBAL,772,2019-03
2019,3,SANTA FE,898,2019-03
2019,3,SUBA,2094,2019-03
2019,3,TEUSAQUILLO,927,2019-03
2019,3,TUNJUELITO,529,2019-03
2019,3,USAQUÉN,1467,2019-03
2019,3,USME,684,2019-03
2019,4,ANTONIO NARIÑO,351,2019-04
2019,4,BARRIOS UNIDOS,602,2019-04
2019,4,BOSA,1144,2019-04
2019,4,CANDELARIA,235,2019-04
2019,4,CHAPINERO,1317,2019-04
2019,4,CIUDAD BOLÍVAR,1005,2019-04
2019,4,ENGATIVÁ,1659,2019-04
2019,4,FONTIBÓN,1006,2019-04
2019,4,KENNEDY,2185,2019-04
2019,4,LOS MÁRTIRES,533,2019-04
2019,4,PUENTE ARANDA,810,2019-04
2019,4,RAFAEL URIBE URIBE,729,2019-04
2019,4,SAN CRISTÓBAL,698,2019-04
2019,4,SANTA FE,847,2019-04
2019,4,SUBA,1893,2019-04
2019,4,TEUSAQUILLO,832,2019-04
2019,4,TUNJUELITO,455,2019-04
2019,4,USAQUÉN,1282,2019-04
2019,4,USME,591,2019-04
2019,5,ANTONIO NARIÑO,359,2019-05
2019,5,BARRIOS UNIDOS,759,2019-05
2019,5,BOSA,1338,2019-05
2019,5,CANDELARIA,243,2019-05
2019,5,CHAPINERO,1697,2019-05
2019,5,CIUDAD BOLÍVAR,1229,2019-05
2019,5,ENGATIVÁ,1838,2019-05
2019,5,FONTIBÓN,1129,2019-05
2019,5,KENNEDY,2522,2019-05
2019,5,LOS MÁRTIRES,693,2019-05
2019,5,PUENTE ARANDA,863,2019-05
2019,5,RAFAEL URIBE URIBE,936,2019-05
2019,5,SAN CRISTÓBAL,802,2019-05
2019,5,SANTA FE,991,2019-05
2019,5,SUBA,2054,2019-05
2019,5,TEUSAQUILLO,1011,2019-05
2019,5,TUNJUELITO,501,2019-05
2019,5,USAQUÉN,1473,2019-05
2019,5,USME,705,2019-05
2019,6,ANTONIO NARIÑO,353,2019-06
2019,6,BARRIOS UNIDOS,585,2019-06
2019,6,BOSA,1200,2019-06
2019,6,CANDELARIA,217,2019-06
2019,6,CHAPINERO,1317,2019-06
2019,6,CIUDAD BOLÍVAR,1027,2019-06
2019,6,ENGATIVÁ,1559,2019-06
2019,6,FONTIBÓN,970,2019-06
2019,6,KENNEDY,2147,2019-06
2019,6,LOS MÁRTIRES,660,2019-06
2019,6,PUENTE ARANDA,781,2019-06
2019,6,RAFAEL URIBE URIBE,728,2019-06
2019,6,SAN CRISTÓBAL,713,2019-06
2019,6,SANTA FE,857,2019-06
2019,6,SUBA,1903,2019-06
2019,6,TEUSAQUILLO,844,2019-06
2019,6,TUNJUELITO,427,2019-06
2019,6,USAQUÉN,1264,2019-06
2019,6,USME,655,2019-06
2019,7,ANTONIO NARIÑO,410,2019-07
2019,7,BARRIOS UNIDOS,723,2019-07
2019,7,BOSA,1346,2019-07
2019,7,CANDELARIA,217,2019-07
2019,7,CHAPINERO,1406,2019-07
2019,7,CIUDAD BOLÍVAR,1098,2019-07
2019,7,ENGATIVÁ,1734,2019-07
2019,7,FONTIBÓN,1042,2019-07
2019,7,KENNEDY,2272,2019-07
2019,7,LOS MÁRTIRES,645,2019-07
2019,7,PUENTE ARANDA,940,2019-07
2019,7,RAFAEL URIBE URIBE,814,2019-07
2019,7,SAN CRISTÓBAL,789,2019-07
2019,7,SANTA FE,909,2019-07
2019,7,SUBA,2138,2019-07
2019,7,TEUSAQUILLO,940,2019-07
2019,7,TUNJUELITO,457,2019-07
2019,7,USAQUÉN,1400,2019-07
2019,7,USME,624,2019-07
2019,8,ANTONIO NARIÑO,408,2019-08
2019,8,BARRIOS UNIDOS,695,2019-08
2019,8,BOSA,1233,2019-08
2019,8,CANDELARIA,252,2019-08
2019,8,CHAPINERO,1587,2019-08
2019,8,CIUDAD BOLÍVAR,1129,2019-08
2019,8,ENGATIVÁ,1693,2019-08
2019,8,FONTIBÓN,1031,2019-08
2019,8,KENNEDY,2296,2019-08
2019,8,LOS MÁRTIRES,704,2019-08
2019,8,PUENTE ARANDA,931,2019-08
2019,8,RAFAEL URIBE URIBE,774,2019-08
2019,8,SAN CRISTÓBAL,705,2019-08
2019,8,SANTA FE,900,2019-08
2019,8,SUBA,2020,2019-08
2019,8,TEUSAQUILLO,930,2019-08
2019,8,TUNJUELITO,393,2019-08
2019,8,USAQUÉN,1318,2019-08
2019,8,USME,680,2019-08
2019,9,ANTONIO NARIÑO,365,2019-09
2019,9,BARRIOS UNIDOS,747,2019-09
2019,9,BOSA,1224,2019-09
2019,9,CANDELARIA,250,2019-09
2019,9,CHAPINERO,1508,2019-09
2019,9,CIUDAD BOLÍVAR,1182,2019-09
2019,9,ENGATIVÁ,1760,2019-09
2019,9,FONTIBÓN,980,2019-09
2019,9,KENNEDY,2155,2019-09
2019,9,LOS MÁRTIRES,667,2019-09
2019,9,PUENTE ARANDA,825,2019-09
2019,9,RAFAEL URIBE URIBE,800,2019-09
2019,9,SAN CRISTÓBAL,815,2019-09
2019,9,SANTA FE,927,2019-09
2019,9,SUBA,1997,2019-09
2019,9,TEUSAQUILLO,862,2019-09
2019,9,TUNJUELITO,401,2019-09
2019,9,USAQUÉN,1419,2019-09
2019,9,USME,759,2019-09
2019,10,ANTONIO NARIÑO,368,2019-10
2019,10,BARRIOS UNIDOS,699,2019-10
2019,10,BOSA,1277,2019-10
2019,10,CANDELARIA,339,2019-10
2019,10,CHAPINERO,1406,2019-10
2019,10,CIUDAD BOLÍVAR,1170,2019-10
2019,10,ENGATIVÁ,1966,2019-10
2019,10,FONTIBÓN,1012,2019-10
2019,10,KENNEDY,2293,2019-10
2019,10,LOS MÁRTIRES,693,2019-10
2019,10,PUENTE ARANDA,934,2019-10
2019,10,RAFAEL URIBE URIBE,747,2019-10
2019,10,SAN CRISTÓBAL,712,2019-10
2019,10,SANTA FE,988,2019-10
2019,10,SUBA,2086,2019-10
2019,10,TEUSAQUILLO,1046,2019-10
2019,10,TUNJUELITO,461,2019-10
2019,10,USAQUÉN,1443,2019-10
2019,10,USME,647,2019-10
2019,11,ANTONIO NARIÑO,378,2019-11
2019,11,BARRIOS UNIDOS,675,2019-11
2019,11,BOSA,1108,2019-11
2019,11,CANDELARIA,382,2019-11
2019,11,CHAPINERO,1465,2019-11
2019,11,CIUDAD BOLÍVAR,1060,2019-11
2019,11,ENGATIVÁ,1755,2019-11
2019,11,FONTIBÓN,980,2019-11
2019,11,KENNEDY,2214,2019-11
2019,11,LOS MÁRTIRES,690,2019-11
2019,11,PUENTE ARANDA,875,2019-11
2019,11,RAFAEL URIBE URIBE,679,2019-11
2019,11,SAN CRISTÓBAL,677,2019-11
2019,11,SANTA FE,981,2019-11
2019,11,SUBA,1982,2019-11
2019,11,TEUSAQUILLO,918,2019-11
2019,11,TUNJUELITO,397,2019-11
2019,11,USAQUÉN,1327,2019-11
2019,11,USME,647,2019-11
2019,12,ANTONIO NARIÑO,428,2019-12
2019,12,BARRIOS UNIDOS,646,2019-12
2019,12,BOSA,1306,2019-12
2019,12,CANDELARIA,317,2019-12
2019,12,CHAPINERO,1538,2019-12
2019,12,CIUDAD BOLÍVAR,1186,2019-12
2019,12,ENGATIVÁ,1878,2019-12
2019,12,FONTIBÓN,1131,2019-12
2019,12,KENNEDY,2361,2019-12
2019,12,LOS MÁRTIRES,741,2019-12
2019,12,PUENTE ARANDA,993,2019-12
2019,12,RAFAEL URIBE URIBE,792,2019-12
2019,12,SAN CRISTÓBAL,768,2019-12
2019,12,SANTA FE,1076,2019-12
2019,12,SUBA,2088,2019-12
2019,12,TEUSAQUILLO,808,2019-12
2019,12,TUNJUELITO,460,2019-12
2019,12,USAQUÉN,1440,2019-12
2019,12,USME,611,2019-12
2020,1,ANTONIO NARIÑO,396,2020-01
2020,1,BARRIOS UNIDOS,655,2020-01
2020,1,BOSA,1329,2020-01
2020,1,CANDELARIA,289,2020-01
2020,1,CHAPINERO,1268,2020-01
2020,1,CIUDAD BOLÍVAR,1238,2020-01
2020,1,ENGATIVÁ,1990,2020-01
2020,1,FONTIBÓN,1120,2020-01
2020,1,KENNEDY,2405,2020-01
2020,1,LOS MÁRTIRES,686,2020-01
2020,1,PUENTE ARANDA,848,2020-01
2020,1,RAFAEL URIBE URIBE,720,2020-01
2020,1,SAN CRISTÓBAL,793,2020-01
2020,1,SANTA FE,901,2020-01
2020,1,SUBA,2063,2020-01
2020,1,TEUSAQUILLO,780,2020-01
2020,1,TUNJUELITO,506,2020-01
2020,1,USAQUÉN,1394,2020-01
2020,1,USME,726,2020-01
2020,2,ANTONIO NARIÑO,380,2020-02
2020,2,BARRIOS UNIDOS,623,2020-02
2020,2,BOSA,1248,2020-02
2020,2,CANDELARIA,189,2020-02
2020,2,CHAPINERO,1255,2020-02
2020,2,CIUDAD BOLÍVAR,1154,2020-02
2020,2,ENGATIVÁ,1660,2020-02
2020,2,FONTIBÓN,933,2020-02
2020,2,KENNEDY,2023,2020-02
2020,2,LOS MÁRTIRES,620,2020-02
2020,2,PUENTE ARANDA,764,2020-02
2020,2,RAFAEL URIBE URIBE,680,2020-02
2020,2,SAN CRISTÓBAL,795,2020-02
2020,2,SANTA FE,744,2020-02
2020,2,SUBA,1815,2020-02
2020,2,TEUSAQUILLO,745,2020-02
2020,2,TUNJUELITO,393,2020-02
2020,2,USAQUÉN,1275,2020-02
2020,2,USME,638,2020-02
2020,3,ANTONIO NARIÑO,256,2020-03
2020,3,BARRIOS UNIDOS,471,2020-03
2020,3,BOSA,909,2020-03
2020,3,CANDELARIA,129,2020-03
2020,3,CHAPINERO,792,2020-03
2020,3,CIUDAD BOLÍVAR,848,2020-03
2020,3,ENGATIVÁ,1214,2020-03
2020,3,FONTIBÓN,637,2020-03
2020,3,KENNEDY,1423,2020-03
2020,3,LOS MÁRTIRES,410,2020-03
2020,3,PUENTE ARANDA,603,2020-03
2020,3,RAFAEL URIBE URIBE,504,2020-03
2020,3,SAN CRISTÓBAL,568,2020-03
2020,3,SANTA FE,533,2020-03
2020,3,SUBA,1329,2020-03
2020,3,TEUSAQUILLO,517,2020-03
2020,3,TUNJUELITO,306,2020-03
2020,3,USAQUÉN,818,2020-03
2020,3,USME,532,2020-03
2020,4,ANTONIO NARIÑO,99,2020-04
2020,4,BARRIOS UNIDOS,189,2020-04
2020,4,BOSA,733,2020-04
2020,4,CANDELARIA,44,2020-04
2020,4,CHAPINERO,226,2020-04
2020,4,CIUDAD BOLÍVAR,631,2020-04
2020,4,ENGATIVÁ,727,2020-04
2020,4,FONTIBÓN,337,2020-04
2020,4,KENNEDY,932,2020-04
2020,4,LOS MÁRTIRES,164,2020-04
2020,4,PUENTE ARANDA,313,2020-04
2020,4,RAFAEL URIBE URIBE,353,2020-04
2020,4,SAN CRISTÓBAL,398,2020-04
2020,4,SANTA FE,192,2020-04
2020,4,SUBA,862,2020-04
2020,4,TEUSAQUILLO,203,2020-04
2020,4,TUNJUELITO,186,2020-04
2020,4,USAQUÉN,423,2020-04
2020,4,USME,333,2020-04
2020,5,ANTONIO NARIÑO,222,2020-05
2020,5,BARRIOS UNIDOS,360,2020-05
2020,5,BOSA,995,2020-05
2020,5,CANDELARIA,75,2020-05
2020,5,CHAPINERO,414,2020-05
2020,5,CIUDAD BOLÍVAR,975,2020-05
2020,5,ENGATIVÁ,1311,2020-05
2020,5,FONTIBÓN,590,2020-05
2020,5,KENNEDY,1508,2020-05
2020,5,LOS MÁRTIRES,285,2020-05
2020,5,PUENTE ARANDA,559,2020-05
2020,5,RAFAEL URIBE URIBE,571,2020-05
2020,5,SAN CRISTÓBAL,580,2020-05
2020,5,SANTA FE,316,2020-05
2020,5,SUBA,1444,2020-05
2020,5,TEUSAQUILLO,378,2020-05
2020,5,TUNJUELITO,288,2020-05
2020,5,USAQUÉN,744,2020-05
2020,5,USME,489,2020-05
2020,6,ANTONIO NARIÑO,273,2020-06
2020,6,BARRIOS UNIDOS,445,2020-06
2020,6,BOSA,953,2020-06
2020,6,CANDELARIA,77,2020-06
2020,6,CHAPINERO,445,2020-06
2020,6,CIUDAD BOLÍVAR,772,2020-06
2020,6,ENGATIVÁ,1357,2020-06
2020,6,FONTIBÓN,624,2020-06
2020,6,KENNEDY,1379,2020-06
2020,6,LOS MÁRTIRES,338,2020-06
2020,6,PUENTE ARANDA,565,2020-06
2020,6,RAFAEL URIBE URIBE,577,2020-06
2020,6,SAN CRISTÓBAL,588,2020-06
2020,6,SANTA FE,393,2020-06
2020,6,SUBA,1455,2020-06
2020,6,TEUSAQUILLO,376,2020-06
2020,6,TUNJUELITO,268,2020-06
2020,6,USAQUÉN,792,2020-06
2020,6,USME,498,2020-06
2020,7,ANTONIO NARIÑO,254,2020-07
2020,7,BARRIOS UNIDOS,464,2020-07
2020,7,BOSA,1035,2020-07
2020,7,CANDELARIA,118,2020-07
2020,7,CHAPINERO,467,2020-07
2020,7,CIUDAD BOLÍVAR,830,2020-07
2020,7,ENGATIVÁ,1561,2020-07
2020,7,FONTIBÓN,710,2020-07
2020,7,KENNEDY,1556,2020-07
2020,7,LOS MÁRTIRES,464,2020-07
2020,7,PUENTE ARANDA,680,2020-07
2020,7,RAFAEL URIBE URIBE,571,2020-07
2020,7,SAN CRISTÓBAL,527,2020-07
2020,7,SANTA FE,390,2020-07
2020,7,SUBA,1738,2020-07
2020,7,TEUSAQUILLO,391,2020-07
2020,7,TUNJUELITO,339,2020-07
2020,7,USAQUÉN,878,2020-07
2020,7,USME,520,2020-07
2020,8,ANTONIO NARIÑO,286,2020-08
2020,8,BARRIOS UNIDOS,432,2020-08
2020,8,BOSA,1110,2020-08
2020,8,CANDELARIA,149,2020-08
2020,8,CHAPINERO,497,2020-08
2020,8,CIUDAD BOLÍVAR,994,2020-08
2020,8,ENGATIVÁ,1408,2020-08
2020,8,FONTIBÓN,702,2020-08
2020,8,KENNEDY,1743,2020-08
2020,8,LOS MÁRTIRES,487,2020-08
2020,8,PUENTE ARANDA,651,2020-08
2020,8,RAFAEL URIBE URIBE,660,2020-08
2020,8,SAN CRISTÓBAL,711,2020-08
2020,8,SANTA FE,412,2020-08
2020,8,SUBA,1488,2020-08
2020,8,TEUSAQUILLO,414,2020-08
2020,8,TUNJUELITO,422,2020-08
2020,8,USAQUÉN,801,2020-08
2020,8,USME,604,2020-08
2020,9,ANTONIO NARIÑO,334,2020-09
2020,9,BARRIOS UNIDOS,453,2020-09
2020,9,BOSA,1242,2020-09
2020,9,CANDELARIA,145,2020-09
2020,9,CHAPINERO,511,2020-09
2020,9,CIUDAD BOLÍVAR,998,2020-09
2020,9,ENGATIVÁ,1491,2020-09
2020,9,FONTIBÓN,805,2020-09
2020,9,KENNEDY,1978,2020-09
2020,9,LOS MÁRTIRES,485,2020-09
2020,9,PUENTE ARANDA,771,2020-09
2020,9,RAFAEL URIBE URIBE,646,2020-09
2020,9,SAN CRISTÓBAL,729,2020-09
2020,9,SANTA FE,539,2020-09
2020,9,SUBA,1630,2020-09
2020,9,TEUSAQUILLO,479,2020-09
2020,9,TUNJUELITO,364,2020-09
2020,9,USAQUÉN,798,2020-09
2020,9,USME,558,2020-09
2020,10,ANTONIO NARIÑO,349,2020-10
2020,10,BARRIOS UNIDOS,495,2020-10
2020,10,BOSA,1254,2020-10
2020,10,CANDELARIA,169,2020-10
2020,10,CHAPINERO,617,2020-10
2020,10,CIUDAD BOLÍVAR,1074,2020-10
2020,10,ENGATIVÁ,1696,2020-10
2020,10,FONTIBÓN,938,2020-10
2020,10,KENNEDY,2013,2020-10
2020,10,LOS MÁRTIRES,588,2020-10
2020,10,PUENTE ARANDA,713,2020-10
2020,10,RAFAEL URIBE URIBE,679,2020-10
2020,10,SAN CRISTÓBAL,738,2020-10
2020,10,SANTA FE,578,2020-10
2020,10,SUBA,1812,2020-10
2020,10,TEUSAQUILLO,560,2020-10
2020,10,TUNJUELITO,442,2020-10
2020,10,USAQUÉN,1034,2020-10
2020,10,USME,664,2020-10
2020,11,ANTONIO NARIÑO,343,2020-11
2020,11,BARRIOS UNIDOS,484,2020-11
2020,11,BOSA,1228,2020-11
2020,11,CANDELARIA,192,2020-11
2020,11,CHAPINERO,636,2020-11
2020,11,CIUDAD BOLÍVAR,1039,2020-11
2020,11,ENGATIVÁ,1613,2020-11
2020,11,FONTIBÓN,841,2020-11
2020,11,KENNEDY,1935,2020-11
2020,11,LOS MÁRTIRES,526,2020-11
2020,11,PUENTE ARANDA,768,2020-11
2020,11,RAFAEL URIBE URIBE,697,2020-11
2020,11,SAN CRISTÓBAL,660,2020-11
2020,11,SANTA FE,584,2020-11
2020,11,SUBA,1648,2020-11
2020,11,TEUSAQUILLO,532,2020-11
2020,11,TUNJUELITO,353,2020-11
2020,11,USAQUÉN,1022,2020-11
2020,11,USME,580,2020-11
2020,12,ANTONIO NARIÑO,364,2020-12
2020,12,BARRIOS UNIDOS,497,2020-12
2020,12,BOSA,1259,2020-12
2020,12,CANDELARIA,154,2020-12
2020,12,CHAPINERO,787,2020-12
2020,12,CIUDAD BOLÍVAR,972,2020-12
2020,12,ENGATIVÁ,1635,2020-12
2020,12,FONTIBÓN,864,2020-12
2020,12,KENNEDY,2081,2020-12
2020,12,LOS MÁRTIRES,571,2020-12
2020,12,PUENTE ARANDA,793,2020-12
2020,12,RAFAEL URIBE URIBE,697,2020-12
2020,12,SAN CRISTÓBAL,656,2020-12
2020,12,SANTA FE,590,2020-12
2020,12,SUBA,1695,2020-12
2020,12,TEUSAQUILLO,531,2020-12
2020,12,TUNJUELITO,317,2020-12
2020,12,USAQUÉN,1059,2020-12
2020,12,USME,666,2020-12
2021,1,ANTONIO NARIÑO,312,2021-01
2021,1,BARRIOS UNIDOS,413,2021-01
2021,1,BOSA,1011,2021-01
2021,1,CANDELARIA,109,2021-01
2021,1,CHAPINERO,541,2021-01
2021,1,CIUDAD BOLÍVAR,828,2021-01
2021,1,ENGATIVÁ,1347,2021-01
2021,1,FONTIBÓN,671,2021-01
2021,1,KENNEDY,1613,2021-01
2021,1,LOS MÁRTIRES,456,2021-01
2021,1,PUENTE ARANDA,618,2021-01
2021,1,RAFAEL URIBE URIBE,576,2021-01
2021,1,SAN CRISTÓBAL,587,2021-01
2021,1,SANTA FE,477,2021-01
2021,1,SUBA,1220,2021-01
2021,1,TEUSAQUILLO,456,2021-01
2021,1,TUNJUELITO,295,2021-01
2021,1,USAQUÉN,717,2021-01
2021,1,USME,485,2021-01
2021,2,ANTONIO NARIÑO,323,2021-02
2021,2,BARRIOS UNIDOS,528,2021-02
2021,2,BOSA,1214,2021-02
2021,2,CANDELARIA,169,2021-02
2021,2,CHAPINERO,710,2021-02
2021,2,CIUDAD BOLÍVAR,1050,2021-02
2021,2,ENGATIVÁ,1656,2021-02
2021,2,FONTIBÓN,793,2021-02
2021,2,KENNEDY,1801,2021-02
2021,2,LOS MÁRTIRES,547,2021-02
2021,2,PUENTE ARANDA,762,2021-02
2021,2,RAFAEL URIBE URIBE,736,2021-02
2021,2,SAN CRISTÓBAL,705,2021-02
2021,2,SANTA FE,626,2021-02
2021,2,SUBA,1686,2021-02
2021,2,TEUSAQUILLO,474,2021-02
2021,2,TUNJUELITO,330,2021-02
2021,2,USAQUÉN,978,2021-02
2021,2,USME,609,2021-02
2021,3,ANTONIO NARIÑO,336,2021-03
2021,3,BARRIOS UNIDOS,500,2021-03
2021,3,BOSA,1295,2021-03
2021,3,CANDELARIA,155,2021-03
2021,3,CHAPINERO,808,2021-03
2021,3,CIUDAD BOLÍVAR,1112,2021-03
2021,3,ENGATIVÁ,1668,2021-03
2021,3,FONTIBÓN,898,2021-03
2021,3,KENNEDY,2096,2021-03
2021,3,LOS MÁRTIRES,587,2021-03
2021,3,PUENTE ARANDA,844,2021-03
2021,3,RAFAEL URIBE URIBE,762,2021-03
2021,3,SAN CRISTÓBAL,744,2021-03
2021,3,SANTA FE,663,2021-03
2021,3,SUBA,1885,2021-03
2021,3,TEUSAQUILLO,606,2021-03
2021,3,TUNJUELITO,333,2021-03
2021,3,USAQUÉN,1168,2021-03
2021,3,USME,609,2021-03
2021,4,ANTONIO NARIÑO,298,2021-04
2021,4,BARRIOS UNIDOS,511,2021-04
2021,4,BOSA,1194,2021-04
2021,4,CANDELARIA,192,2021-04
2021,4,CHAPINERO,554,2021-04
2021,4,CIUDAD BOLÍVAR,925,2021-04
2021,4,ENGATIVÁ,1409,2021-04
2021,4,FONTIBÓN,720,2021-04
2021,4,KENNEDY,1773,2021-04
2021,4,LOS MÁRTIRES,475,2021-04
2021,4,PUENTE ARANDA,758,2021-04
2021,4,RAFAEL URIBE URIBE,645,2021-04
2021,4,SAN CRISTÓBAL,671,2021-04
2021,4,SANTA FE,567,2021-04
2021,4,SUBA,1588,2021-04
2021,4,TEUSAQUILLO,473,2021-04
2021,4,TUNJUELITO,325,2021-04
2021,4,USAQUÉN,793,2021-04
2021,4,USME,547,2021-04
2021,5,ANTONIO NARIÑO,401,2021-05
2021,5,BARRIOS UNIDOS,593,2021-05
2021,5,BOSA,1212,2021-05
2021,5,CANDELARIA,188,2021-05
2021,5,CHAPINERO,820,2021-05
2021,5,CIUDAD BOLÍVAR,1141,2021-05
2021,5,ENGATIVÁ,1663,2021-05
2021,5,FONTIBÓN,788,2021-05
2021,5,KENNEDY,2111,2021-05
2021,5,LOS MÁRTIRES,562,2021-05
2021,5,PUENTE ARANDA,824,2021-05
2021,5,RAFAEL URIBE URIBE,699,2021-05
2021,5,SAN CRISTÓBAL,746,2021-05
2021,5,SANTA FE,601,2021-05
2021,5,SUBA,1868,2021-05
2021,5,TEUSAQUILLO,626,2021-05
2021,5,TUNJUELITO,401,2021-05
2021,5,USAQUÉN,1012,2021-05
2021,5,USME,650,2021-05
2021,6,ANTONIO NARIÑO,358,2021-06
2021,6,BARRIOS UNIDOS,587,2021-06
2021,6,BOSA,1299,2021-06
2021,6,CANDELARIA,183,2021-06
2021,6,CHAPINERO,955,2021-06
2021,6,CIUDAD BOLÍVAR,1076,2021-06
2021,6,ENGATIVÁ,1694,2021-06
2021,6,FONTIBÓN,802,2021-06
2021,6,KENNEDY,2008,2021-06
2021,6,LOS MÁRTIRES,530,2021-06
2021,6,PUENTE ARANDA,820,2021-06
2021,6,RAFAEL URIBE URIBE,743,2021-06
2021,6,SAN CRISTÓBAL,680,2021-06
2021,6,SANTA FE,586,2021-06
2021,6,SUBA,1888,2021-06
2021,6,TEUSAQUILLO,647,2021-06
2021,6,TUNJUELITO,453,2021-06
2021,6,USAQUÉN,1095,2021-06
2021,6,USME,585,2021-06
2021,7,ANTONIO NARIÑO,406,2021-07
2021,7,BARRIOS UNIDOS,616,2021-07
2021,7,BOSA,1317,2021-07
2021,7,CANDELARIA,164,2021-07
2021,7,CHAPINERO,1132,2021-07
2021,7,CIUDAD BOLÍVAR,1162,2021-07
2021,7,ENGATIVÁ,1781,2021-07
2021,7,FONTIBÓN,928,2021-07
2021,7,KENNEDY,2061,2021-07
2021,7,LOS MÁRTIRES,548,2021-07
2021,7,PUENTE ARANDA,928,2021-07
2021,7,RAFAEL URIBE URIBE,750,2021-07
2021,7,SAN CRISTÓBAL,648,2021-07
2021,7,SANTA FE,630,2021-07
2021,7,SUBA,1900,2021-07
2021,7,TEUSAQUILLO,817,2021-07
2021,7,TUNJUELITO,434,2021-07
2021,7,USAQUÉN,1179,2021-07
2021,7,USME,612,2021-07
2021,8,ANTONIO NARIÑO,397,2021-08
2021,8,BARRIOS UNIDOS,598,2021-08
2021,8,BOSA,1363,2021-08
2021,8,CANDELARIA,205,2021-08
2021,8,CHAPINERO,1057,2021-08
2021,8,CIUDAD BOLÍVAR,1123,2021-08
2021,8,ENGATIVÁ,1761,2021-08
2021,8,FONTIBÓN,941,2021-08
2021,8,KENNEDY,2155,2021-08
2021,8,LOS MÁRTIRES,530,2021-08
2021,8,PUENTE ARANDA,926,2021-08
2021,8,RAFAEL URIBE URIBE,737,2021-08
2021,8,SAN CRISTÓBAL,712,2021-08
2021,8,SANTA FE,659,2021-08
2021,8,SUBA,2026,2021-08
2021,8,TEUSAQUILLO,844,2021-08
2021,8,TUNJUELITO,442,2021-08
2021,8,USAQUÉN,1092,2021-08
2021,8,USME,631,2021-08
2021,9,ANTONIO NARIÑO,391,2021-09
2021,9,BARRIOS UNIDOS,599,2021-09
2021,9,BOSA,1226,2021-09
2021,9,CANDELARIA,205,2021-09
2021,9,CHAPINERO,1031,2021-09
2021,9,CIUDAD BOLÍVAR,1293,2021-09
2021,9,ENGATIVÁ,1759,2021-09
2021,9,FONTIBÓN,1018,2021-09
2021,9,KENNEDY,2020,2021-09
2021,9,LOS MÁRTIRES,611,2021-09
2021,9,PUENTE ARANDA,898,2021-09
2021,9,RAFAEL URIBE URIBE,745,2021-09
2021,9,SAN CRISTÓBAL,712,2021-09
2021,9,SANTA FE,792,2021-09
2021,9,SUBA,1896,2021-09
2021,9,TEUSAQUILLO,811,2021-09
2021,9,TUNJUELITO,384,2021-09
2021,9,USAQUÉN,1120,2021-09
2021,9,USME,667,2021-09
2021,10,ANTONIO NARIÑO,355,2021-10
2021,10,BARRIOS UNIDOS,601,2021-10
2021,10,BOSA,1260,2021-10
2021,10,CANDELARIA,179,2021-10
2021,10,CHAPINERO,1207,2021-10
2021,10,CIUDAD BOLÍVAR,1193,2021-10
2021,10,ENGATIVÁ,1983,2021-10
2021,10,FONTIBÓN,1021,2021-10
2021,10,KENNEDY,2145,2021-10
2021,10,LOS MÁRTIRES,761,2021-10
2021,10,PUENTE ARANDA,945,2021-10
2021,10,RAFAEL URIBE URIBE,765,2021-10
2021,10,SAN CRISTÓBAL,730,2021-10
2021,10,SANTA FE,711,2021-10
2021,10,SUBA,2019,2021-10
2021,10,TEUSAQUILLO,851,2021-10
2021,10,TUNJUELITO,424,2021-10
2021,10,USAQUÉN,1121,2021-10
2021,10,USME,680,2021-10
2021,11,ANTONIO NARIÑO,368,2021-11
2021,11,BARRIOS UNIDOS,689,2021-11
2021,11,BOSA,1352,2021-11
2021,11,CANDELARIA,345,2021-11
2021,11,CHAPINERO,1127,2021-11
2021,11,CIUDAD BOLÍVAR,1151,2021-11
2021,11,ENGATIVÁ,1928,2021-11
2021,11,FONTIBÓN,1071,2021-11
2021,11,KENNEDY,2162,2021-11
2021,11,LOS MÁRTIRES,813,2021-11
2021,11,PUENTE ARANDA,878,2021-11
2021,11,RAFAEL URIBE URIBE,802,2021-11
2021,11,SAN CRISTÓBAL,760,2021-11
2021,11,SANTA FE,758,2021-11
2021,11,SUBA,2030,2021-11
2021,11,TEUSAQUILLO,777,2021-11
2021,11,TUNJUELITO,380,2021-11
2021,11,USAQUÉN,1205,2021-11
2021,11,USME,629,2021-11
2021,12,ANTONIO NARIÑO,342,2021-12
2021,12,BARRIOS UNIDOS,594,2021-12
2021,12,BOSA,1271,2021-12
2021,12,CANDELARIA,213,2021-12
2021,12,CHAPINERO,1004,2021-12
2021,12,CIUDAD BOLÍVAR,1144,2021-12
2021,12,ENGATIVÁ,1762,2021-12
2021,12,FONTIBÓN,1069,2021-12
2021,12,KENNEDY,2040,2021-12
2021,12,LOS MÁRTIRES,731,2021-12
2021,12,PUENTE ARANDA,855,2021-12
2021,12,RAFAEL URIBE URIBE,711,2021-12
2021,12,SAN CRISTÓBAL,663,2021-12
2021,12,SANTA FE,747,2021-12
2021,12,SUBA,1795,2021-12
2021,12,TEUSAQUILLO,731,2021-12
2021,12,TUNJUELITO,396,2021-12
2021,12,USAQUÉN,1128,2021-12
2021,12,USME,557,2021-12
2022,1,ANTONIO NARIÑO,375,2022-01
2022,1,BARRIOS UNIDOS,517,2022-01
2022,1,BOSA,1161,2022-01
2022,1,CANDELARIA,150,2022-01
2022,1,CHAPINERO,901,2022-01
2022,1,CIUDAD BOLÍVAR,1147,2022-01
2022,1,ENGATIVÁ,1764,2022-01
2022,1,FONTIBÓN,959,2022-01
2022,1,KENNEDY,1892,2022-01
2022,1,LOS MÁRTIRES,548,2022-01
2022,1,PUENTE ARANDA,866,2022-01
2022,1,RAFAEL URIBE URIBE,704,2022-01
2022,1,SAN CRISTÓBAL,603,2022-01
2022,1,SANTA FE,726,2022-01
2022,1,SUBA,1759,2022-01
2022,1,TEUSAQUILLO,594,2022-01
2022,1,TUNJUELITO,379,2022-01
2022,1,USAQUÉN,895,2022-01
2022,1,USME,585,2022-01
2022,2,ANTONIO NARIÑO,371,2022-02
2022,2,BARRIOS UNIDOS,579,2022-02
2022,2,BOSA,1137,2022-02
2022,2,CANDELARIA,193,2022-02
2022,2,CHAPINERO,1139,2022-02
2022,2,CIUDAD BOLÍVAR,1193,2022-02
2022,2,ENGATIVÁ,1651,2022-02
2022,2,FONTIBÓN,1019,2022-02
2022,2,KENNEDY,2165,2022-02
2022,2,LOS MÁRTIRES,614,2022-02
2022,2,PUENTE ARANDA,817,2022-02
2022,2,RAFAEL URIBE URIBE,727,2022-02
2022,2,SAN CRISTÓBAL,680,2022-02
2022,2,SANTA FE,800,2022-02
2022,2,SUBA,1825,2022-02
2022,2,TEUSAQUILLO,750,2022-02
2022,2,TUNJUELITO,356,2022-02
2022,2,USAQUÉN,1010,2022-02
2022,2,USME,668,2022-02
2022,3,ANTONIO NARIÑO,412,2022-03
2022,3,BARRIOS UNIDOS,666,2022-03
2022,3,BOSA,1442,2022-03
2022,3,CANDELARIA,208,2022-03
2022,3,CHAPINERO,1379,2022-03
2022,3,CIUDAD BOLÍVAR,1418,2022-03
2022,3,ENGATIVÁ,2111,2022-03
2022,3,FONTIBÓN,1300,2022-03
2022,3,KENNEDY,2423,2022-03
2022,3,LOS MÁRTIRES,714,2022-03
2022,3,PUENTE ARANDA,950,2022-03
2022,3,RAFAEL URIBE URIBE,813,2022-03
2022,3,SAN CRISTÓBAL,853,2022-03
2022,3,SANTA FE,991,2022-03
2022,3,SUBA,2301,2022-03
2022,3,TEUSAQUILLO,845,2022-03
2022,3,TUNJUELITO,523,2022-03
2022,3,USAQUÉN,1101,2022-03
2022,3,USME,800,2022-03
2022,4,ANTONIO NARIÑO,338,2022-04
2022,4,BARRIOS UNIDOS,628,2022-04
2022,4,BOSA,1150,2022-04
2022,4,CANDELARIA,265,2022-04
2022,4,CHAPINERO,1111,2022-04
2022,4,CIUDAD BOLÍVAR,1211,2022-04
2022,4,ENGATIVÁ,1750,2022-04
2022,4,FONTIBÓN,1077,2022-04
2022,4,KENNEDY,2038,2022-04
2022,4,LOS MÁRTIRES,803,2022-04
2022,4,PUENTE ARANDA,760,2022-04
2022,4,RAFAEL URIBE URIBE,738,2022-04
2022,4,SAN CRISTÓBAL,688,2022-04
2022,4,SANTA FE,946,2022-04
2022,4,SUBA,1843,2022-04
2022,4,TEUSAQUILLO,718,2022-04
2022,4,TUNJUELITO,392,2022-04
2022,4,USAQUÉN,961,2022-04
2022,4,USME,542,2022-04
2022,5,ANTONIO NARIÑO,339,2022-05
2022,5,BARRIOS UNIDOS,595,2022-05
2022,5,BOSA,1105,2022-05
2022,5,CANDELARIA,233,2022-05
2022,5,CHAPINERO,988,2022-05
2022,5,CIUDAD BOLÍVAR,884,2022-05
2022,5,ENGATIVÁ,1566,2022-05
2022,5,FONTIBÓN,939,2022-05
2022,5,KENNEDY,1825,2022-05
2022,5,LOS MÁRTIRES,606,2022-05
2022,5,PUENTE ARANDA,773,2022-05
2022,5,RAFAEL URIBE URIBE,613,2022-05
2022,5,SAN CRISTÓBAL,571,2022-05
2022,5,SANTA FE,732,2022-05
2022,5,SUBA,1647,2022-05
2022,5,TEUSAQUILLO,801,2022-05
2022,5,TUNJUELITO,273,2022-05
2022,5,USAQUÉN,950,2022-05
2022,5,USME,506,2022-05
2022,6,ANTONIO NARIÑO,332,2022-06
2022,6,BARRIOS UNIDOS,568,2022-06
2022,6,BOSA,956,2022-06
2022,6,CANDELARIA,246,2022-06
2022,6,CHAPINERO,928,2022-06
2022,6,CIUDAD BOLÍVAR,839,2022-06
2022,6,ENGATIVÁ,1498,2022-06
2022,6,FONTIBÓN,898,2022-06
2022,6,KENNEDY,1656,2022-06
2022,6,LOS MÁRTIRES,670,2022-06
2022,6,PUENTE ARANDA,763,2022-06
2022,6,RAFAEL URIBE URIBE,574,2022-06
2022,6,SAN CRISTÓBAL,549,2022-06
2022,6,SANTA FE,637,2022-06
2022,6,SUBA,1592,2022-06
2022,6,TEUSAQUILLO,639,2022-06
2022,6,TUNJUELITO,327,2022-06
2022,6,USAQUÉN,937,2022-06
2022,6,USME,459,2022-06
2022,7,ANTONIO NARIÑO,299,2022-07
2022,7,BARRIOS UNIDOS,668,2022-07
2022,7,BOSA,1046,2022-07
2022,7,CANDELARIA,249,2022-07
2022,7,CHAPINERO,1045,2022-07
2022,7,CIUDAD BOLÍVAR,895,2022-07
2022,7,ENGATIVÁ,1479,2022-07
2022,7,FONTIBÓN,898,2022-07
2022,7,KENNEDY,1776,2022-07
2022,7,LOS MÁRTIRES,574,2022-07
2022,7,PUENTE ARANDA,726,2022-07
2022,7,RAFAEL URIBE URIBE,586,2022-07
2022,7,SAN CRISTÓBAL,533,2022-07
2022,7,SANTA FE,731,2022-07
2022,7,SUBA,1655,2022-07
2022,7,TEUSAQUILLO,724,2022-07
2022,7,TUNJUELITO,326,2022-07
2022,7,USAQUÉN,929,2022-07
2022,7,USME,515,2022-07
2022,8,ANTONIO NARIÑO,394,2022-08
2022,8,BARRIOS UNIDOS,808,2022-08
2022,8,BOSA,1266,2022-08
2022,8,CANDELARIA,203,2022-08
2022,8,CHAPINERO,1254,2022-08
2022,8,CIUDAD BOLÍVAR,1139,2022-08
2022,8,ENGATIVÁ,1866,2022-08
2022,8,FONTIBÓN,1024,2022-08
2022,8,KENNEDY,2100,2022-08
2022,8,LOS MÁRTIRES,711,2022-08
2022,8,PUENTE ARANDA,932,2022-08
2022,8,RAFAEL URIBE URIBE,635,2022-08
2022,8,SAN CRISTÓBAL,661,2022-08
2022,8,SANTA FE,896,2022-08
2022,8,SUBA,1973,2022-08
2022,8,TEUSAQUILLO,909,2022-08
2022,8,TUNJUELITO,421,2022-08
2022,8,USAQUÉN,1149,2022-08
2022,8,USME,561,2022-08
2022,9,ANTONIO NARIÑO,451,2022-09
2022,9,BARRIOS UNIDOS,730,2022-09
2022,9,BOSA,1281,2022-09
2022,9,CANDELARIA,195,2022-09
2022,9,CHAPINERO,1715,2022-09
2022,9,CIUDAD BOLÍVAR,1291,2022-09
2022,9,ENGATIVÁ,2109,2022-09
2022,9,FONTIBÓN,1319,2022-09
2022,9,KENNEDY,2597,2022-09
2022,9,LOS MÁRTIRES,849,2022-09
2022,9,PUENTE ARANDA,1049,2022-09
2022,9,RAFAEL URIBE URIBE,776,2022-09
2022,9,SAN CRISTÓBAL,700,2022-09
2022,9,SANTA FE,1137,2022-09
2022,9,SUBA,2505,2022-09
2022,9,TEUSAQUILLO,1130,2022-09
2022,9,TUNJUELITO,443,2022-09
2022,9,USAQUÉN,1303,2022-09
2022,9,USME,692,2022-09
2022,10,ANTONIO NARIÑO,491,2022-10
2022,10,BARRIOS UNIDOS,818,2022-10
2022,10,BOSA,1540,2022-10
2022,10,CANDELARIA,219,2022-10
2022,10,CHAPINERO,1750,2022-10
2022,10,CIUDAD BOLÍVAR,1412,2022-10
2022,10,ENGATIVÁ,2346,2022-10
2022,10,FONTIBÓN,1475,2022-10
2022,10,KENNEDY,2709,2022-10
2022,10,LOS MÁRTIRES,979,2022-10
2022,10,PUENTE ARANDA,1092,2022-10
2022,10,RAFAEL URIBE URIBE,889,2022-10
2022,10,SAN CRISTÓBAL,774,2022-10
2022,10,SANTA FE,1189,2022-10
2022,10,SUBA,2526,2022-10
2022,10,TEUSAQUILLO,1285,2022-10
2022,10,TUNJUELITO,528,2022-10
2022,10,USAQUÉN,1592,2022-10
2022,10,USME,741,2022-10
2022,11,ANTONIO NARIÑO,351,2022-11
2022,11,BARRIOS UNIDOS,763,2022-11
2022,11,BOSA,1340,2022-11
2022,11,CANDELARIA,217,2022-11
2022,11,CHAPINERO,1456,2022-11
2022,11,CIUDAD BOLÍVAR,1254,2022-11
2022,11,ENGATIVÁ,2089,2022-11
2022,11,FONTIBÓN,1303,2022-11
2022,11,KENNEDY,2407,2022-11
2022,11,LOS MÁRTIRES,913,2022-11
2022,11,PUENTE ARANDA,997,2022-11
2022,11,RAFAEL URIBE URIBE,825,2022-11
2022,11,SAN CRISTÓBAL,728,2022-11
2022,11,SANTA FE,983,2022-11
2022,11,SUBA,2267,2022-11
2022,11,TEUSAQUILLO,1163,2022-11
2022,11,TUNJUELITO,431,2022-11
2022,11,USAQUÉN,1486,2022-11
2022,11,USME,668,2022-11
2022,12,ANTONIO NARIÑO,301,2022-12
2022,12,BARRIOS UNIDOS,660,2022-12
2022,12,BOSA,1183,2022-12
2022,12,CANDELARIA,200,2022-12
2022,12,CHAPINERO,1301,2022-12
2022,12,CIUDAD BOLÍVAR,1183,2022-12
2022,12,ENGATIVÁ,1919,2022-12
2022,12,FONTIBÓN,1321,2022-12
2022,12,KENNEDY,2199,2022-12
2022,12,LOS MÁRTIRES,877,2022-12
2022,12,PUENTE ARANDA,1018,2022-12
2022,12,RAFAEL URIBE URIBE,762,2022-12
2022,12,SAN CRISTÓBAL,718,2022-12
2022,12,SANTA FE,842,2022-12
2022,12,SUBA,2162,2022-12
2022,12,TEUSAQUILLO,877,2022-12
2022,12,TUNJUELITO,419,2022-12
2022,12,USAQUÉN,1342,2022-12
2022,12,USME,666,2022-12
2023,1,ANTONIO NARIÑO,350,2023-01
2023,1,BARRIOS UNIDOS,677,2023-01
2023,1,BOSA,952,2023-01
2023,1,CANDELARIA,108,2023-01
2023,1,CHAPINERO,1292,2023-01
2023,1,CIUDAD BOLÍVAR,2392,2023-01
2023,1,ENGATIVÁ,1893,2023-01
2023,1,FONTIBÓN,924,2023-01
2023,1,KENNEDY,2180,2023-01
2023,1,LOS MÁRTIRES,698,2023-01
2023,1,PUENTE ARANDA,816,2023-01
2023,1,RAFAEL URIBE URIBE,736,2023-01
2023,1,SAN CRISTÓBAL,579,2023-01
2023,1,SANTA FE,890,2023-01
2023,1,SUBA,2000,2023-01
2023,1,TEUSAQUILLO,901,2023-01
2023,1,TUNJUELITO,252,2023-01
2023,1,USAQUÉN,850,2023-01
2023,1,USME,482,2023-01
2023,2,ANTONIO NARIÑO,400,2023-02
2023,2,BARRIOS UNIDOS,702,2023-02
2023,2,BOSA,1118,2023-02
2023,2,CANDELARIA,129,2023-02
2023,2,CHAPINERO,1388,2023-02
2023,2,CIUDAD BOLÍVAR,1108,2023-02
2023,2,ENGATIVÁ,1782,2023-02
2023,2,FONTIBÓN,963,2023-02
2023,2,KENNEDY,2199,2023-02
2023,2,LOS MÁRTIRES,761,2023-02
2023,2,PUENTE ARANDA,855,2023-02
2023,2,RAFAEL URIBE URIBE,807,2023-02
2023,2,SAN CRISTÓBAL,686,2023-02
2023,2,SANTA FE,884,2023-02
2023,2,SUBA,2269,2023-02
2023,2,TEUSAQUILLO,1003,2023-02
2023,2,TUNJUELITO,294,2023-02
2023,2,USAQUÉN,1002,2023-02
2023,2,USME,541,2023-02
2023,3,ANTONIO NARIÑO,425,2023-03
2023,3,BARRIOS UNIDOS,874,2023-03
2023,3,BOSA,1177,2023-03
2023,3,CANDELARIA,178,2023-03
2023,3,CHAPINERO,1704,2023-03
2023,3,CIUDAD BOLÍVAR,1345,2023-03
2023,3,ENGATIVÁ,2158,2023-03
2023,3,FONTIBÓN,1157,2023-03
2023,3,KENNEDY,2453,2023-03
2023,3,LOS MÁRTIRES,860,2023-03
2023,3,PUENTE ARANDA,1032,2023-03
2023,3,RAFAEL URIBE URIBE,821,2023-03
2023,3,SAN CRISTÓBAL,810,2023-03
2023,3,SANTA FE,1084,2023-03
2023,3,SUBA,2570,2023-03
2023,3,TEUSAQUILLO,1361,2023-03
2023,3,TUNJUELITO,387,2023-03
2023,3,USAQUÉN,1118,2023-03
2023,3,USME,600,2023-03
2023,4,ANTONIO NARIÑO,376,2023-04
2023,4,BARRIOS UNIDOS,766,2023-04
2023,4,BOSA,1125,2023-04
2023,4,CANDELARIA,138,2023-04
2023,4,CHAPINERO,1434,2023-04
2023,4,CIUDAD BOLÍVAR,1152,2023-04
2023,4,ENGATIVÁ,1912,2023-04
2023,4,FONTIBÓN,967,2023-04
2023,4,KENNEDY,2228,2023-04
2023,4,LOS MÁRTIRES,767,2023-04
2023,4,PUENTE ARANDA,949,2023-04
2023,4,RAFAEL URIBE URIBE,825,2023-04
2023,4,SAN CRISTÓBAL,693,2023-04
2023,4,SANTA FE,901,2023-04
2023,4,SUBA,2254,2023-04
2023,4,TEUSAQUILLO,1241,2023-04
2023,4,TUNJUELITO,274,2023-04
2023,4,USAQUÉN,964,2023-04
2023,4,USME,589,2023-04
2023,5,ANTONIO NARIÑO,447,2023-05
2023,5,BARRIOS UNIDOS,850,2023-05
2023,5,BOSA,1212,2023-05
2023,5,CANDELARIA,157,2023-05
2023,5,CHAPINERO,1617,2023-05
2023,5,CIUDAD BOLÍVAR,1460,2023-05
2023,5,ENGATIVÁ,1991,2023-05
2023,5,FONTIBÓN,1108,2023-05
2023,5,KENNEDY,2388,2023-05
2023,5,LOS MÁRTIRES,833,2023-05
2023,5,PUENTE ARANDA,964,2023-05
2023,5,RAFAEL URIBE URIBE,865,2023-05
2023,5,SAN CRISTÓBAL,832,2023-05
2023,5,SANTA FE,1091,2023-05
2023,5,SUBA,2505,2023-05
2023,5,TEUSAQUILLO,1219,2023-05
2023,5,TUNJUELITO,367,2023-05
2023,5,USAQUÉN,1107,2023-05
2023,5,USME,651,2023-05
2023,6,ANTONIO NARIÑO,406,2023-06
2023,6,BARRIOS UNIDOS,839,2023-06
2023,6,BOSA,1288,2023-06
2023,6,CANDELARIA,139,2023-06
2023,6,CHAPINERO,1558,2023-06
2023,6,CIUDAD BOLÍVAR,1483,2023-06
2023,6,ENGATIVÁ,1959,2023-06
2023,6,FONTIBÓN,1029,2023-06
2023,6,KENNEDY,2304,2023-06
2023,6,LOS MÁRTIRES,818,2023-06
2023,6,PUENTE ARANDA,871,2023-06
2023,6,RAFAEL URIBE URIBE,781,2023-06
2023,6,SAN CRISTÓBAL,716,2023-06
2023,6,SANTA FE,892,2023-06
2023,6,SUBA,2305,2023-06
2023,6,TEUSAQUILLO,1152,2023-06
2023,6,TUNJUELITO,389,2023-06
2023,6,USAQUÉN,1112,2023-06
2023,6,USME,646,2023-06
2023,7,ANTONIO NARIÑO,476,2023-07
2023,7,BARRIOS UNIDOS,799,2023-07
2023,7,BOSA,1330,2023-07
2023,7,CANDELARIA,131,2023-07
2023,7,CHAPINERO,1477,2023-07
2023,7,CIUDAD BOLÍVAR,1522,2023-07
2023,7,ENGATIVÁ,2116,2023-07
2023,7,FONTIBÓN,1010,2023-07
2023,7,KENNEDY,2279,2023-07
2023,7,LOS MÁRTIRES,769,2023-07
2023,7,PUENTE ARANDA,858,2023-07
2023,7,RAFAEL URIBE URIBE,910,2023-07
2023,7,SAN CRISTÓBAL,839,2023-07
2023,7,SANTA FE,955,2023-07
2023,7,SUBA,2387,2023-07
2023,7,TEUSAQUILLO,1053,2023-07
2023,7,TUNJUELITO,402,2023-07
2023,7,USAQUÉN,1133,2023-07
2023,7,USME,712,2023-07
2023,8,ANTONIO NARIÑO,376,2023-08
2023,8,BARRIOS UNIDOS,814,2023-08
2023,8,BOSA,1538,2023-08
2023,8,CANDELARIA,169,2023-08
2023,8,CHAPINERO,1652,2023-08
2023,8,CIUDAD BOLÍVAR,1547,2023-08
2023,8,ENGATIVÁ,2243,2023-08
2023,8,FONTIBÓN,1260,2023-08
2023,8,KENNEDY,2405,2023-08
2023,8,LOS MÁRTIRES,1009,2023-08
2023,8,PUENTE ARANDA,1052,2023-08
2023,8,RAFAEL URIBE URIBE,1000,2023-08
2023,8,SAN CRISTÓBAL,963,2023-08
2023,8,SANTA FE,963,2023-08
2023,8,SUBA,2496,2023-08
2023,8,TEUSAQUILLO,978,2023-08
2023,8,TUNJUELITO,486,2023-08
2023,8,USAQUÉN,1205,2023-08
2023,8,USME,787,2023-08
2023,9,ANTONIO NARIÑO,382,2023-09
2023,9,BARRIOS UNIDOS,852,2023-09
2023,9,BOSA,1414,2023-09
2023,9,CANDELARIA,202,2023-09
2023,9,CHAPINERO,1585,2023-09
2023,9,CIUDAD BOLÍVAR,1455,2023-09
2023,9,ENGATIVÁ,2121,2023-09
2023,9,FONTIBÓN,1247,2023-09
2023,9,KENNEDY,2209,2023-09
2023,9,LOS MÁRTIRES,1704,2023-09
2023,9,PUENTE ARANDA,891,2023-09
2023,9,RAFAEL URIBE URIBE,820,2023-09
2023,9,SAN CRISTÓBAL,827,2023-09
2023,9,SANTA FE,1027,2023-09
2023,9,SUBA,2481,2023-09
2023,9,TEUSAQUILLO,1009,2023-09
2023,9,TUNJUELITO,465,2023-09
2023,9,USAQUÉN,1065,2023-09
2023,9,USME,695,2023-09
2023,10,ANTONIO NARIÑO,444,2023-10
2023,10,BARRIOS UNIDOS,724,2023-10
2023,10,BOSA,1466,2023-10
2023,10,CANDELARIA,150,2023-10
2023,10,CHAPINERO,1546,2023-10
2023,10,CIUDAD BOLÍVAR,1622,2023-10
2023,10,ENGATIVÁ,2123,2023-10
2023,10,FONTIBÓN,1244,2023-10
2023,10,KENNEDY,2384,2023-10
2023,10,LOS MÁRTIRES,1421,2023-10
2023,10,PUENTE ARANDA,869,2023-10
2023,10,RAFAEL URIBE URIBE,909,2023-10
2023,10,SAN CRISTÓBAL,826,2023-10
2023,10,SANTA FE,1171,2023-10
2023,10,SUBA,2359,2023-10
2023,10,TEUSAQUILLO,938,2023-10
2023,10,TUNJUELITO,522,2023-10
2023,10,USAQUÉN,1048,2023-10
2023,10,USME,750,2023-10
2023,11,ANTONIO NARIÑO,380,2023-11
2023,11,BARRIOS UNIDOS,755,2023-11
2023,11,BOSA,1298,2023-11
2023,11,CANDELARIA,165,2023-11
2023,11,CHAPINERO,1475,2023-11
2023,11,CIUDAD BOLÍVAR,1467,2023-11
2023,11,ENGATIVÁ,1823,2023-11
2023,11,FONTIBÓN,1096,2023-11
2023,11,KENNEDY,2211,2023-11
2023,11,LOS MÁRTIRES,1839,2023-11
2023,11,PUENTE ARANDA,934,2023-11
2023,11,RAFAEL URIBE URIBE,767,2023-11
2023,11,SAN CRISTÓBAL,777,2023-11
2023,11,SANTA FE,1024,2023-11
2023,11,SUBA,2260,2023-11
2023,11,TEUSAQUILLO,922,2023-11
2023,11,TUNJUELITO,439,2023-11
2023,11,USAQUÉN,1202,2023-11
2023,11,USME,779,2023-11
2023,12,ANTONIO NARIÑO,332,2023-12
2023,12,BARRIOS UNIDOS,625,2023-12
2023,12,BOSA,1209,2023-12
2023,12,CANDELARIA,241,2023-12
2023,12,CHAPINERO,1226,2023-12
2023,12,CIUDAD BOLÍVAR,1224,2023-12
2023,12,ENGATIVÁ,1706,2023-12
2023,12,FONTIBÓN,955,2023-12
2023,12,KENNEDY,2003,2023-12
2023,12,LOS MÁRTIRES,2228,2023-12
2023,12,PUENTE ARANDA,818,2023-12
2023,12,RAFAEL URIBE URIBE,748,2023-12
2023,12,SAN CRISTÓBAL,745,2023-12
2023,12,SANTA FE,1166,2023-12
2023,12,SUBA,2070,2023-12
2023,12,TEUSAQUILLO,685,2023-12
2023,12,TUNJUELITO,419,2023-12
2023,12,USAQUÉN,1249,2023-12
2023,12,USME,630,2023-12
2024,1,ANTONIO NARIÑO,380,2024-01
2024,1,BARRIOS UNIDOS,719,2024-01
2024,1,BOSA,920,2024-01
2024,1,CANDELARIA,85,2024-01
2024,1,CHAPINERO,1434,2024-01
2024,1,CIUDAD BOLÍVAR,939,2024-01
2024,1,ENGATIVÁ,1808,2024-01
2024,1,FONTIBÓN,1255,2024-01
2024,1,KENNEDY,2087,2024-01
2024,1,LOS MÁRTIRES,660,2024-01
2024,1,PUENTE ARANDA,656,2024-01
2024,1,RAFAEL URIBE URIBE,731,2024-01
2024,1,SAN CRISTÓBAL,571,2024-01
2024,1,SANTA FE,784,2024-01
2024,1,SUBA,2141,2024-01
2024,1,TEUSAQUILLO,761,2024-01
2024,1,TUNJUELITO,343,2024-01
2024,1,USAQUÉN,1061,2024-01
2024,1,USME,604,2024-01
2024,2,ANTONIO NARIÑO,401,2024-02
2024,2,BARRIOS UNIDOS,810,2024-02
2024,2,BOSA,989,2024-02
2024,2,CANDELARIA,165,2024-02
2024,2,CHAPINERO,1413,2024-02
2024,2,CIUDAD BOLÍVAR,1231,2024-02
2024,2,ENGATIVÁ,1728,2024-02
2024,2,FONTIBÓN,1114,2024-02
2024,2,KENNEDY,2129,2024-02
2024,2,LOS MÁRTIRES,938,2024-02
2024,2,PUENTE ARANDA,726,2024-02
2024,2,RAFAEL URIBE URIBE,772,2024-02
2024,2,SAN CRISTÓBAL,614,2024-02
2024,2,SANTA FE,866,2024-02
2024,2,SUBA,2097,2024-02
2024,2,TEUSAQUILLO,862,2024-02
2024,2,TUNJUELITO,336,2024-02
2024,2,USAQUÉN,1136,2024-02
2024,2,USME,584,2024-02
2024,3,ANTONIO NARIÑO,263,2024-03
2024,3,BARRIOS UNIDOS,674,2024-03
2024,3,BOSA,957,2024-03
2024,3,CANDELARIA,161,2024-03
2024,3,CHAPINERO,1120,2024-03
2024,3,CIUDAD BOLÍVAR,1201,2024-03
2024,3,ENGATIVÁ,1508,2024-03
2024,3,FONTIBÓN,942,2024-03
2024,3,KENNEDY,1940,2024-03
2024,3,LOS MÁRTIRES,1510,2024-03
2024,3,PUENTE ARANDA,735,2024-03
2024,3,RAFAEL URIBE URIBE,637,2024-03
2024,3,SAN CRISTÓBAL,605,2024-03
2024,3,SANTA FE,835,2024-03
2024,3,SUBA,1941,2024-03
2024,3,TEUSAQUILLO,836,2024-03
2024,3,TUNJUELITO,315,2024-03
2024,3,USAQUÉN,1057,2024-03
2024,3,USME,613,2024-03
2024,4,ANTONIO NARIÑO,313,2024-04
2024,4,BARRIOS UNIDOS,717,2024-04
2024,4,BOSA,1128,2024-04
2024,4,CANDELARIA,216,2024-04
2024,4,CHAPINERO,1391,2024-04
2024,4,CIUDAD BOLÍVAR,1244,2024-04
2024,4,ENGATIVÁ,1814,2024-04
2024,4,FONTIBÓN,1090,2024-04
2024,4,KENNEDY,2104,2024-04
2024,4,LOS MÁRTIRES,1663,2024-04
2024,4,PUENTE ARANDA,828,2024-04
2024,4,RAFAEL URIBE URIBE,666,2024-04
2024,4,SAN CRISTÓBAL,648,2024-04
2024,4,SANTA FE,944,2024-04
2024,4,SUBA,2049,2024-04
2024,4,TEUSAQUILLO,1110,2024-04
2024,4,TUNJUELITO,376,2024-04
2024,4,USAQUÉN,1328,2024-04
2024,4,USME,560,2024-04
2024,5,ANTONIO NARIÑO,375,2024-05
2024,5,BARRIOS UNIDOS,686,2024-05
2024,5,BOSA,1069,2024-05
2024,5,CANDELARIA,242,2024-05
2024,5,CHAPINERO,1277,2024-05
2024,5,CIUDAD BOLÍVAR,1299,2024-05
2024,5,ENGATIVÁ,1838,2024-05
2024,5,FONTIBÓN,1093,2024-05
2024,5,KENNEDY,2083,2024-05
2024,5,LOS MÁRTIRES,2190,2024-05
2024,5,PUENTE ARANDA,850,2024-05
2024,5,RAFAEL URIBE URIBE,661,2024-05
2024,5,SAN CRISTÓBAL,697,2024-05
2024,5,SANTA FE,935,2024-05
2024,5,SUBA,2041,2024-05
2024,5,TEUSAQUILLO,1002,2024-05
2024,5,TUNJUELITO,372,2024-05
2024,5,USAQUÉN,1240,2024-05
2024,5,USME,519,2024-05
2024,6,ANTONIO NARIÑO,283,2024-06
2024,6,BARRIOS UNIDOS,509,2024-06
2024,6,BOSA,893,2024-06
2024,6,CANDELARIA,232,2024-06
2024,6,CHAPINERO,996,2024-06
2024,6,CIUDAD BOLÍVAR,1157,2024-06
2024,6,ENGATIVÁ,1422,2024-06
2024,6,FONTIBÓN,966,2024-06
2024,6,KENNEDY,1735,2024-06
2024,6,LOS MÁRTIRES,2856,2024-06
2024,6,PUENTE ARANDA,631,2024-06
2024,6,RAFAEL URIBE URIBE,540,2024-06
2024,6,SAN CRISTÓBAL,595,2024-06
2024,6,SANTA FE,682,2024-06
2024,6,SUBA,1750,2024-06
2024,6,TEUSAQUILLO,669,2024-06
2024,6,TUNJUELITO,313,2024-06
2024,6,USAQUÉN,999,2024-06
2024,6,USME,495,2024-06
2024,7,ANTONIO NARIÑO,285,2024-07
2024,7,BARRIOS UNIDOS,537,2024-07
2024,7,BOSA,984,2024-07
2024,7,CANDELARIA,188,2024-07
2024,7,CHAPINERO,1010,2024-07
2024,7,CIUDAD BOLÍVAR,1217,2024-07
2024,7,ENGATIVÁ,1578,2024-07
2024,7,FONTIBÓN,978,2024-07
2024,7,KENNEDY,1755,2024-07
2024,7,LOS MÁRTIRES,4081,2024-07
2024,7,PUENTE ARANDA,647,2024-07
2024,7,RAFAEL URIBE URIBE,620,2024-07
2024,7,SAN CRISTÓBAL,607,2024-07
2024,7,SANTA FE,805,2024-07
2024,7,SUBA,1638,2024-07
2024,7,TEUSAQUILLO,708,2024-07
2024,7,TUNJUELITO,340,2024-07
2024,7,USAQUÉN,1002,2024-07
2024,7,USME,591,2024-07
2024,8,ANTONIO NARIÑO,316,2024-08
2024,8,BARRIOS UNIDOS,642,2024-08
2024,8,BOSA,1148,2024-08
2024,8,CANDELARIA,233,2024-08
2024,8,CHAPINERO,1150,2024-08
2024,8,CIUDAD BOLÍVAR,1282,2024-08
2024,8,ENGATIVÁ,1880,2024-08
2024,8,FONTIBÓN,1056,2024-08
2024,8,KENNEDY,2011,2024-08
2024,8,LOS MÁRTIRES,1772,2024-08
2024,8,PUENTE ARANDA,814,2024-08
2024,8,RAFAEL URIBE URIBE,646,2024-08
2024,8,SAN CRISTÓBAL,714,2024-08
2024,8,SANTA FE,1043,2024-08
2024,8,SUBA,2077,2024-08
2024,8,TEUSAQUILLO,868,2024-08
2024,8,TUNJUELITO,408,2024-08
2024,8,USAQUÉN,1238,2024-08
2024,8,USME,585,2024-08
2024,9,ANTONIO NARIÑO,310,2024-09
2024,9,BARRIOS UNIDOS,668,2024-09
2024,9,BOSA,1225,2024-09
2024,9,CANDELARIA,285,2024-09
2024,9,CHAPINERO,1139,2024-09
2024,9,CIUDAD BOLÍVAR,1411,2024-09
2024,9,ENGATIVÁ,1943,2024-09
2024,9,FONTIBÓN,1256,2024-09
2024,9,KENNEDY,2123,2024-09
2024,9,LOS MÁRTIRES,992,2024-09
2024,9,PUENTE ARANDA,804,2024-09
2024,9,RAFAEL URIBE URIBE,718,2024-09
2024,9,SAN CRISTÓBAL,785,2024-09
2024,9,SANTA FE,1530,2024-09
2024,9,SUBA,2085,2024-09
2024,9,TEUSAQUILLO,1016,2024-09
2024,9,TUNJUELITO,390,2024-09
2024,9,USAQUÉN,1376,2024-09
2024,9,USME,640,2024-09
2024,10,ANTONIO NARIÑO,325,2024-10
2024,10,BARRIOS UNIDOS,689,2024-10
2024,10,BOSA,1186,2024-10
2024,10,CANDELARIA,252,2024-10
2024,10,CHAPINERO,1222,2024-10
2024,10,CIUDAD BOLÍVAR,1469,2024-10
2024,10,ENGATIVÁ,2091,2024-10
2024,10,FONTIBÓN,1272,2024-10
2024,10,KENNEDY,2168,2024-10
2024,10,LOS MÁRTIRES,753,2024-10
2024,10,PUENTE ARANDA,968,2024-10
2024,10,RAFAEL URIBE URIBE,790,2024-10
2024,10,SAN CRISTÓBAL,786,2024-10
2024,10,SANTA FE,2032,2024-10
2024,10,SUBA,2264,2024-10
2024,10,TEUSAQUILLO,919,2024-10
2024,10,TUNJUELITO,431,2024-10
2024,10,USAQUÉN,1357,2024-10
2024,10,USME,682,2024-10
2024,11,ANTONIO NARIÑO,317,2024-11
2024,11,BARRIOS UNIDOS,687,2024-11
2024,11,BOSA,1177,2024-11
2024,11,CANDELARIA,271,2024-11
2024,11,CHAPINERO,1317,2024-11
2024,11,CIUDAD BOLÍVAR,1296,2024-11
2024,11,ENGATIVÁ,2103,2024-11
2024,11,FONTIBÓN,1124,2024-11
2024,11,KENNEDY,2186,2024-11
2024,11,LOS MÁRTIRES,823,2024-11
2024,11,PUENTE ARANDA,1021,2024-11
2024,11,RAFAEL URIBE URIBE,662,2024-11
2024,11,SAN CRISTÓBAL,740,2024-11
2024,11,SANTA FE,1764,2024-11
2024,11,SUBA,2125,2024-11
2024,11,TEUSAQUILLO,1073,2024-11
2024,11,TUNJUELITO,414,2024-11
2024,11,USAQUÉN,1349,2024-11
2024,11,USME,601,2024-11
2024,12,ANTONIO NARIÑO,269,2024-12
2024,12,BARRIOS UNIDOS,474,2024-12
2024,12,BOSA,965,2024-12
2024,12,CANDELARIA,389,2024-12
2024,12,CHAPINERO,939,2024-12
2024,12,CIUDAD BOLÍVAR,1144,2024-12
2024,12,ENGATIVÁ,1401,2024-12
2024,12,FONTIBÓN,897,2024-12
2024,12,KENNEDY,1611,2024-12
2024,12,LOS MÁRTIRES,691,2024-12
2024,12,PUENTE ARANDA,761,2024-12
2024,12,RAFAEL URIBE URIBE,475,2024-12
2024,12,SAN CRISTÓBAL,611,2024-12
2024,12,SANTA FE,1636,2024-12
2024,12,SUBA,1472,2024-12
2024,12,TEUSAQUILLO,642,2024-12
2024,12,TUNJUELITO,330,2024-12
2024,12,USAQUÉN,892,2024-12
2024,12,USME,460,2024-12
2025,1,ANTONIO NARIÑO,279,2025-01
2025,1,BARRIOS UNIDOS,754,2025-01
2025,1,BOSA,848,2025-01
2025,1,CANDELARIA,171,2025-01
2025,1,CHAPINERO,771,2025-01
2025,1,CIUDAD BOLÍVAR,1075,2025-01
2025,1,ENGATIVÁ,1671,2025-01
2025,1,FONTIBÓN,969,2025-01
2025,1,KENNEDY,1479,2025-01
2025,1,LOS MÁRTIRES,540,2025-01
2025,1,PUENTE ARANDA,1045,2025-01
2025,1,RAFAEL URIBE URIBE,647,2025-01
2025,1,SAN CRISTÓBAL,503,2025-01
2025,1,SANTA FE,900,2025-01
2025,1,SUBA,1661,2025-01
2025,1,TEUSAQUILLO,1468,2025-01
2025,1,TUNJUELITO,323,2025-01
2025,1,USAQUÉN,855,2025-01
2025,1,USME,480,2025-01
2025,2,ANTONIO NARIÑO,309,2025-02
2025,2,BARRIOS UNIDOS,727,2025-02
2025,2,BOSA,945,2025-02
2025,2,CANDELARIA,180,2025-02
2025,2,CHAPINERO,1063,2025-02
2025,2,CIUDAD BOLÍVAR,917,2025-02
2025,2,ENGATIVÁ,1871,2025-02
2025,2,FONTIBÓN,1094,2025-02
2025,2,KENNEDY,1697,2025-02
2025,2,LOS MÁRTIRES,725,2025-02
2025,2,PUENTE ARANDA,1098,2025-02
2025,2,RAFAEL URIBE URIBE,680,2025-02
2025,2,SAN CRISTÓBAL,638,2025-02
2025,2,SANTA FE,1030,2025-02
2025,2,SUBA,2234,2025-02
2025,2,TEUSAQUILLO,1086,2025-02
2025,2,TUNJUELITO,516,2025-02
2025,2,USAQUÉN,1094,2025-02
2025,2,USME,539,2025-02
2025,3,ANTONIO NARIÑO,316,2025-03
2025,3,BARRIOS UNIDOS,682,2025-03
2025,3,BOSA,994,2025-03
2025,3,CANDELARIA,197,2025-03
2025,3,CHAPINERO,1028,2025-03
2025,3,CIUDAD BOLÍVAR,1172,2025-03
2025,3,ENGATIVÁ,1920,2025-03
2025,3,FONTIBÓN,981,2025-03
2025,3,KENNEDY,1869,2025-03
2025,3,LOS MÁRTIRES,676,2025-03
2025,3,PUENTE ARANDA,968,2025-03
2025,3,RAFAEL URIBE URIBE,738,2025-03
2025,3,SAN CRISTÓBAL,688,2025-03
2025,3,SANTA FE,820,2025-03
2025,3,SUBA,2007,2025-03
2025,3,TEUSAQUILLO,908,2025-03
2025,3,TUNJUELITO,453,2025-03
2025,3,USAQUÉN,1223,2025-03
2025,3,USME,567,2025-03
2025,4,ANTONIO NARIÑO,299,2025-04
2025,4,BARRIOS UNIDOS,609,2025-04
2025,4,BOSA,939,2025-04
2025,4,CANDELARIA,187,2025-04
2025,4,CHAPINERO,945,2025-04
2025,4,CIUDAD BOLÍVAR,1202,2025-04
2025,4,ENGATIVÁ,1879,2025-04
2025,4,FONTIBÓN,1058,2025-04
2025,4,KENNEDY,1789,2025-04
2025,4,LOS MÁRTIRES,704,2025-04
2025,4,PUENTE ARANDA,996,2025-04
2025,4,RAFAEL URIBE URIBE,599,2025-04
2025,4,SAN CRISTÓBAL,589,2025-04
2025,4,SANTA FE,784,2025-04
2025,4,SUBA,2048,2025-04
2025,4,TEUSAQUILLO,814,2025-04
2025,4,TUNJUELITO,387,2025-04
2025,4,USAQUÉN,1162,2025-04
2025,4,USME,547,2025-04
2025,5,ANTONIO NARIÑO,253,2025-05
2025,5,BARRIOS UNIDOS,553,2025-05
2025,5,BOSA,889,2025-05
2025,5,CANDELARIA,202,2025-05
2025,5,CHAPINERO,993,2025-05
2025,5,CIUDAD BOLÍVAR,1305,2025-05
2025,5,ENGATIVÁ,1661,2025-05
2025,5,FONTIBÓN,973,2025-05
2025,5,KENNEDY,1787,2025-05
2025,5,LOS MÁRTIRES,613,2025-05
2025,5,PUENTE ARANDA,1010,2025-05
2025,5,RAFAEL URIBE URIBE,605,2025-05
2025,5,SAN CRISTÓBAL,701,2025-05
2025,5,SANTA FE,695,2025-05
2025,5,SUBA,1727,2025-05
2025,5,TEUSAQUILLO,856,2025-05
2025,5,TUNJUELITO,397,2025-05
2025,5,USAQUÉN,1040,2025-05
2025,5,USME,543,2025-05
2025,6,ANTONIO NARIÑO,356,2025-06
2025,6,BARRIOS UNIDOS,627,2025-06
2025,6,BOSA,1065,2025-06
2025,6,CANDELARIA,300,2025-06
2025,6,CHAPINERO,1053,2025-06
2025,6,CIUDAD BOLÍVAR,1315,2025-06
2025,6,ENGATIVÁ,1990,2025-06
2025,6,FONTIBÓN,1148,2025-06
2025,6,KENNEDY,1952,2025-06
2025,6,LOS MÁRTIRES,641,2025-06
2025,6,PUENTE ARANDA,1067,2025-06
2025,6,RAFAEL URIBE URIBE,722,2025-06
2025,6,SAN CRISTÓBAL,777,2025-06
2025,6,SANTA FE,822,2025-06
2025,6,SUBA,1983,2025-06
2025,6,TEUSAQUILLO,1039,2025-06
2025,6,TUNJUELITO,431,2025-06
2025,6,USAQUÉN,1105,2025-06
2025,6,USME,573,2025-06
2025,7,ANTONIO NARIÑO,403,2025-07
2025,7,BARRIOS UNIDOS,638,2025-07
2025,7,BOSA,1338,2025-07
2025,7,CANDELARIA,209,2025-07
2025,7,CHAPINERO,1204,2025-07
2025,7,CIUDAD BOLÍVAR,1514,2025-07
2025,7,ENGATIVÁ,2053,2025-07
2025,7,FONTIBÓN,1136,2025-07
2025,7,KENNEDY,2182,2025-07
2025,7,LOS MÁRTIRES,805,2025-07
2025,7,PUENTE ARANDA,1198,2025-07
2025,7,RAFAEL URIBE URIBE,867,2025-07
2025,7,SAN CRISTÓBAL,954,2025-07
2025,7,SANTA FE,838,2025-07
2025,7,SUBA,2107,2025-07
2025,7,TEUSAQUILLO,977,2025-07
2025,7,TUNJUELITO,457,2025-07
2025,7,USAQUÉN,1199,2025-07
2025,7,USME,642,2025-07
2025,8,ANTONIO NARIÑO,297,2025-08
2025,8,BARRIOS UNIDOS,539,2025-08
2025,8,BOSA,966,2025-08
2025,8,CANDELARIA,159,2025-08
2025,8,CHAPINERO,1121,2025-08
2025,8,CIUDAD BOLÍVAR,1119,2025-08
2025,8,ENGATIVÁ,1530,2025-08
2025,8,FONTIBÓN,925,2025-08
2025,8,KENNEDY,1715,2025-08
2025,8,LOS MÁRTIRES,738,2025-08
2025,8,PUENTE ARANDA,902,2025-08
2025,8,RAFAEL URIBE URIBE,611,2025-08
2025,8,SAN CRISTÓBAL,655,2025-08
2025,8,SANTA FE,671,2025-08
2025,8,SUBA,1485,2025-08
2025,8,TEUSAQUILLO,786,2025-08
2025,8,TUNJUELITO,399,2025-08
2025,8,USAQUÉN,876,2025-08
2025,8,USME,506,2025-08
2025,9,ANTONIO NARIÑO,185,2025-09
2025,9,BARRIOS UNIDOS,378,2025-09
2025,9,BOSA,654,2025-09
2025,9,CANDELARIA,109,2025-09
2025,9,CHAPINERO,756,2025-09
2025,9,CIUDAD BOLÍVAR,543,2025-09
2025,9,ENGATIVÁ,938,2025-09
2025,9,FONTIBÓN,551,2025-09
2025,9,KENNEDY,1010,2025-09
2025,9,LOS MÁRTIRES,356,2025-09
2025,9,PUENTE ARANDA,488,2025-09
2025,9,RAFAEL URIBE URIBE,320,2025-09
2025,9,SAN CRISTÓBAL,322,2025-09
2025,9,SANTA FE,500,2025-09
2025,9,SUBA,913,2025-09
2025,9,TEUSAQUILLO,619,2025-09
2025,9,TUNJUELITO,203,2025-09
2025,9,USAQUÉN,638,2025-09
2025,9,USME,238,2025-09
2025,10,ANTONIO NARIÑO,210,2025-10
2025,10,BARRIOS UNIDOS,396,2025-10
2025,10,BOSA,643,2025-10
2025,10,CANDELARIA,118,2025-10
2025,10,CHAPINERO,800,2025-10
2025,10,CIUDAD BOLÍVAR,517,2025-10
2025,10,ENGATIVÁ,971,2025-10
2025,10,FONTIBÓN,645,2025-10
2025,10,KENNEDY,998,2025-10
2025,10,LOS MÁRTIRES,410,2025-10
2025,10,PUENTE ARANDA,482,2025-10
2025,10,RAFAEL URIBE URIBE,381,2025-10
2025,10,SAN CRISTÓBAL,353,2025-10
2025,10,SANTA FE,537,2025-10
2025,10,SUBA,948,2025-10
2025,10,TEUSAQUILLO,685,2025-10
2025,10,TUNJUELITO,239,2025-10
2025,10,USAQUÉN,691,2025-10
2025,10,USME,270,2025-10
2025,11,ANTONIO NARIÑO,51,2025-11
2025,11,BARRIOS UNIDOS,120,2025-11
2025,11,BOSA,260,2025-11
2025,11,CANDELARIA,31,2025-11
2025,11,CHAPINERO,186,2025-11
2025,11,CIUDAD BOLÍVAR,198,2025-11
2025,11,ENGATIVÁ,299,2025-11
2025,11,FONTIBÓN,190,2025-11
2025,11,KENNEDY,389,2025-11
2025,11,LOS MÁRTIRES,106,2025-11
2025,11,PUENTE ARANDA,168,2025-11
2025,11,RAFAEL URIBE URIBE,149,2025-11
2025,11,SAN CRISTÓBAL,167,2025-11
2025,11,SANTA FE,194,2025-11
2025,11,SUBA,283,2025-11
2025,11,TEUSAQUILLO,142,2025-11
2025,11,TUNJUELITO,73,2025-11
2025,11,USAQUÉN,179,2025-11
2025,11,USME,91,2025-11
2025,12,ANTONIO NARIÑO,146,2025-12
2025,12,BARRIOS UNIDOS,198,2025-12
2025,12,BOSA,406,2025-12
2025,12,CANDELARIA,83,2025-12
2025,12,CHAPINERO,462,2025-12
2025,12,CIUDAD BOLÍVAR,332,2025-12
2025,12,ENGATIVÁ,565,2025-12
2025,12,FONTIBÓN,439,2025-12
2025,12,KENNEDY,662,2025-12
2025,12,LOS MÁRTIRES,287,2025-12
2025,12,PUENTE ARANDA,292,2025-12
2025,12,RAFAEL URIBE URIBE,191,2025-12
2025,12,SAN CRISTÓBAL,230,2025-12
2025,12,SANTA FE,270,2025-12
2025,12,SUBA,636,2025-12
2025,12,TEUSAQUILLO,434,2025-12
2025,12,TUNJUELITO,153,2025-12
2025,12,USAQUÉN,436,2025-12
2025,12,USME,137,2025-12
2026,1,ANTONIO NARIÑO,242,2026-01
2026,1,BARRIOS UNIDOS,391,2026-01
2026,1,BOSA,708,2026-01
2026,1,CANDELARIA,126,2026-01
2026,1,CHAPINERO,765,2026-01
2026,1,CIUDAD BOLÍVAR,509,2026-01
2026,1,ENGATIVÁ,1048,2026-01
2026,1,FONTIBÓN,716,2026-01
2026,1,KENNEDY,1037,2026-01
2026,1,LOS MÁRTIRES,385,2026-01
2026,1,PUENTE ARANDA,528,2026-01
2026,1,RAFAEL URIBE URIBE,375,2026-01
2026,1,SAN CRISTÓBAL,367,2026-01
2026,1,SANTA FE,490,2026-01
2026,1,SUBA,1034,2026-01
2026,1,TEUSAQUILLO,733,2026-01
2026,1,TUNJUELITO,204,2026-01
2026,1,USAQUÉN,741,2026-01
2026,1,USME,275,2026-01
2026,2,ANTONIO NARIÑO,166,2026-02
2026,2,BARRIOS UNIDOS,337,2026-02
2026,2,BOSA,487,2026-02
2026,2,CANDELARIA,115,2026-02
2026,2,CHAPINERO,646,2026-02
2026,2,CIUDAD BOLÍVAR,308,2026-02
2026,2,ENGATIVÁ,816,2026-02
2026,2,FONTIBÓN,503,2026-02
2026,2,KENNEDY,795,2026-02
2026,2,LOS MÁRTIRES,296,2026-02
2026,2,PUENTE ARANDA,380,2026-02
2026,2,RAFAEL URIBE URIBE,245,2026-02
2026,2,SAN CRISTÓBAL,303,2026-02
2026,2,SANTA FE,441,2026-02
2026,2,SUBA,889,2026-02
2026,2,TEUSAQUILLO,507,2026-02
2026,2,TUNJUELITO,148,2026-02
2026,2,USAQUÉN,631,2026-02
2026,2,USME,196,2026-02
2026,3,ANTONIO NARIÑO,99,2026-03
2026,3,BARRIOS UNIDOS,220,2026-03
2026,3,BOSA,369,2026-03
2026,3,CANDELARIA,67,2026-03
2026,3,CHAPINERO,468,2026-03
2026,3,CIUDAD BOLÍVAR,228,2026-03
2026,3,ENGATIVÁ,519,2026-03
2026,3,FONTIBÓN,285,2026-03
2026,3,KENNEDY,509,2026-03
2026,3,LOS MÁRTIRES,198,2026-03
2026,3,PUENTE ARANDA,294,2026-03
2026,3,RAFAEL URIBE URIBE,143,2026-03
2026,3,SAN CRISTÓBAL,193,2026-03
2026,3,SANTA FE,271,2026-03
2026,3,SUBA,568,2026-03
2026,3,TEUSAQUILLO,389,2026-03
2026,3,TUNJUELITO,95,2026-03
2026,3,USAQUÉN,365,2026-03
2026,3,USME,115,2026-03
